Date,Week,Trap,Farm,Plant stage,Hemp type,person,Aeolothripidae,Thripidae,Syrphidae,Dolichopodidae,Tachinidae,Asylidae,Tephritoidea,Chloropidae,Agromyzidae,Cicadellidae,Membracidae,Cercopidae,Fulgoridae,Miridae,Aleyrodidae,Aphididae,Psyllidae,Anthocoridae,Nabidae,Chrysomelidae,Curculionidae,Other herb beetles,Coccinellidae,Staphylinidae,Lampyridae,Hym Parasitoids,Formicidae,Hym Pollinators,Other Hym,Chrysopidae,Arachnids,Tetranychidae,Pieridae,Gelechiidae,Other Moths,Noctuidae,Pirallidae,Glacillariidae,Scythrididae,Tineidae,Hesperidae,Other Lepidoptera,Acrididae,Grillidae,Dermaptera
Jun 17 - Jun 24,1,1,SEAREC_trial,Vegetative,Fiber,Tori Strausser,0,0,5,18,0,0,6,0,0,11,0,0,0,0,0,0,0,0,0,1,0,1,0,0,0,14,6,0,0,0,1,0,4,0,0,0,0,0,0,0,0,0,1,0,0
Jun 17 - Jun 24,1,2,SEAREC_trial,Vegetative,Fiber,Tori Strausser,0,53,3,0,0,0,42,0,0,124,0,0,0,1,1,5,0,0,2,0,0,3,2,0,0,41,1,0,0,0,2,0,4,0,1,0,0,0,0,0,0,0,0,2,0
Jun 17 - Jun 24,1,3,SEAREC_trial,Vegetative,Fiber,Tori Strausser,0,85,9,7,0,0,31,0,0,141,0,0,0,0,8,1,0,0,0,4,0,0,0,2,0,33,6,0,0,0,9,0,0,0,0,0,0,0,0,0,0,0,2,1,0
Jun 17 - Jun 24,1,4,SEAREC_trial,Vegetative,Fiber,Tori Strausser,0,141,11,1,0,0,32,0,0,127,0,0,1,0,2,2,0,0,4,4,0,1,0,2,0,33,37,0,0,0,2,0,0,0,1,0,0,0,0,0,0,0,2,2,0
Jun 17 - Jun 24,1,5,SEAREC_trial,Vegetative,Fiber,Tori Strausser,0,66,5,5,0,0,38,0,0,144,0,0,0,0,7,0,0,0,0,2,0,3,0,1,0,48,2,0,0,0,11,0,4,0,0,0,0,0,0,0,0,0,2,1,0
Jun 17 - Jun 24,1,6,SEAREC_trial,Vegetative,Fiber,Tori Strausser,0,44,1,12,0,0,4,0,0,85,0,0,0,0,0,2,0,0,0,1,0,6,0,3,0,38,14,0,0,0,6,0,2,0,0,0,0,0,0,0,0,0,0,0,0
Jun 17 - Jun 24,1,7,SEAREC_trial,Vegetative,Fiber,Tori Strausser,0,16,2,12,0,0,16,0,0,65,1,0,0,0,1,2,0,0,0,3,0,2,0,4,0,18,16,0,0,0,3,0,5,0,1,0,0,0,0,0,0,0,0,1,0
Jun 24 - July 01,2,1,SEAREC_trial,Vegetative,Fiber,Tori Strausser,0,43,1,16,0,0,26,0,0,135,3,0,0,2,2,9,0,0,0,11,0,0,3,2,0,22,41,0,0,0,5,0,10,0,0,0,0,0,0,0,0,0,0,0,1
Jun 24 - July 01,2,2,SEAREC_trial,Vegetative,Fiber,Tori Strausser,0,87,7,12,0,0,20,2,0,196,8,0,1,11,4,5,0,0,2,6,0,0,4,1,0,22,8,0,0,0,6,0,8,0,1,0,0,0,0,0,0,0,1,1,0
Jun 24 - July 01,2,3,SEAREC_trial,Vegetative,Fiber,Tori Strausser,3,85,4,11,0,0,21,0,0,102,3,0,0,3,4,3,0,1,3,6,0,2,4,0,1,19,10,0,1,1,4,0,10,0,0,0,0,0,0,0,0,0,0,1,0
Jun 24 - July 01,2,4,SEAREC_trial,Vegetative,Fiber,Tori Strausser,0,77,7,9,0,0,8,0,0,116,6,3,2,9,4,1,0,0,5,5,0,3,6,1,0,32,27,0,0,0,3,0,2,0,0,0,0,0,0,0,0,0,0,2,0
Jun 24 - July 01,2,5,SEAREC_trial,Vegetative,Fiber,Tori Strausser,0,120,5,6,0,0,45,0,0,218,5,1,0,8,6,4,0,0,3,19,0,2,3,1,0,28,8,0,0,0,2,0,13,0,0,0,0,0,0,0,0,0,0,5,0
Jun 24 - July 01,2,6,SEAREC_trial,Vegetative,Fiber,Tori Strausser,0,142,5,4,0,0,8,0,0,134,13,4,0,6,3,1,0,1,9,12,0,8,0,0,0,27,41,0,5,0,9,0,2,0,2,0,0,0,0,0,0,0,1,2,0
Jun 24 - July 01,2,7,SEAREC_trial,Vegetative,Fiber,Tori Strausser,0,0,3,29,0,0,0,0,0,2,0,0,0,0,1,0,0,0,0,3,0,1,0,0,0,6,15,0,0,0,1,0,0,0,0,0,0,0,0,0,0,0,0,0,0
July 01 - July 07,3,1,SEAREC_trial,Vegetative,Fiber,Tori Strausser,0,56,1,14,0,0,24,3,0,106,0,6,1,4,3,6,0,0,0,5,0,3,5,0,0,24,3,0,3,0,4,0,1,0,0,0,0,0,0,0,0,0,1,0,0
July 01 - July 07,3,2,SEAREC_trial,Vegetative,Fiber,Tori Strausser,13,35,1,21,0,0,13,5,0,37,0,0,1,2,0,6,0,0,1,21,0,1,0,0,0,27,6,0,2,0,3,0,1,0,0,0,0,0,0,0,0,0,0,1,0
July 01 - July 07,3,3,SEAREC_trial,Vegetative,Fiber,Tori Strausser,12,126,3,6,0,0,42,2,0,83,2,0,2,11,3,6,0,1,3,7,0,9,3,1,0,37,23,0,2,0,15,0,1,0,0,0,0,0,0,0,0,0,1,0,0
July 01 - July 07,3,4,SEAREC_trial,Vegetative,Fiber,Tori Strausser,7,125,3,3,0,0,16,1,0,66,1,0,2,0,8,0,0,0,2,26,1,2,0,0,0,29,11,0,0,0,6,0,1,0,0,0,0,0,0,0,0,0,1,1,0
July 01 - July 07,3,5,SEAREC_trial,Vegetative,Fiber,Tori Strausser,5,38,2,0,0,0,6,0,0,27,0,0,0,2,3,0,0,0,1,17,0,2,0,0,0,26,41,0,4,0,16,0,2,0,0,0,0,0,0,0,0,0,0,0,0
July 01 - July 07,3,6,SEAREC_trial,Vegetative,Fiber,Tori Strausser,1,87,3,3,0,0,10,4,0,225,1,2,2,10,9,0,0,0,1,8,0,3,4,2,0,35,11,0,1,0,12,0,2,0,0,0,0,0,0,0,0,0,1,3,0
July 07 - July 14,4,1,SEAREC_trial,Vegetative,Fiber,Tori Strausser,16,138,15,1,0,0,44,2,0,205,0,0,2,12,13,0,0,0,0,5,0,1,5,0,0,22,1,0,1,1,8,0,0,0,0,0,0,0,0,0,0,0,0,1,0
July 07 - July 14,4,2,SEAREC_trial,Vegetative,Fiber,Tori Strausser,7,72,9,4,0,0,42,7,0,131,0,0,0,6,5,1,0,0,5,13,0,1,7,0,0,24,1,0,4,1,4,0,1,0,1,0,0,0,0,0,0,0,2,3,0
July 07 - July 14,4,3,SEAREC_trial,Vegetative,Fiber,Tori Strausser,13,31,0,12,0,0,12,1,0,122,0,0,2,15,8,9,0,0,3,9,0,9,9,0,0,66,0,0,0,3,5,0,0,0,0,0,0,0,0,0,0,0,1,0,0
July 07 - July 14,4,4,SEAREC_trial,Vegetative,Fiber,Tori Strausser,8,31,0,2,0,0,28,0,0,119,0,0,1,3,9,2,0,0,2,8,0,16,15,0,0,72,3,0,0,0,17,0,2,0,0,0,0,0,0,0,0,0,3,2,0
July 07 - July 14,4,5,SEAREC_trial,Vegetative,Fiber,Tori Strausser,4,26,5,1,0,0,20,7,0,94,0,0,2,11,5,0,0,0,2,0,0,2,6,0,0,7,0,0,1,0,17,0,0,0,1,0,0,0,0,0,0,0,1,0,0
July 07 - July 14,4,6,SEAREC_trial,Vegetative,Fiber,Tori Strausser,3,33,0,1,0,0,6,0,0,128,0,0,0,0,7,1,0,0,3,11,0,1,4,1,0,63,3,0,1,0,9,0,0,0,1,0,0,0,0,0,0,0,2,0,0
July 07 - July 14,4,7,SEAREC_trial,Vegetative,Fiber,Tori Strausser,3,59,12,1,0,0,31,2,0,100,1,0,2,5,5,4,0,0,0,3,0,3,17,8,0,32,6,0,3,0,6,0,0,0,0,0,0,0,0,0,0,0,3,0,0
July 14 - July 21,5,1,SEAREC_trial,Flowering,Fiber,Tori Strausser,5,25,7,4,0,0,34,14,0,140,0,0,0,5,3,0,0,0,1,4,0,2,17,1,0,27,1,0,0,0,15,0,1,0,0,0,0,0,0,0,0,0,13,0,0
July 14 - July 21,5,2,SEAREC_trial,Flowering,Fiber,Tori Strausser,3,17,4,0,0,0,29,13,0,131,0,0,1,4,22,1,0,0,0,9,0,1,8,0,0,26,0,0,0,0,16,0,0,0,0,0,0,0,0,0,0,0,14,0,0
July 14 - July 21,5,3,SEAREC_trial,Flowering,Fiber,Tori Strausser,7,11,1,5,0,0,5,8,0,77,0,0,0,2,6,0,0,0,0,9,0,0,12,2,0,55,1,0,1,0,8,0,0,0,0,0,0,0,0,0,0,0,8,0,0
July 14 - July 21,5,4,SEAREC_trial,Flowering,Fiber,Tori Strausser,2,9,0,2,0,0,2,0,0,55,0,0,1,8,2,0,0,0,0,4,0,4,8,1,0,27,4,0,0,0,28,0,0,0,0,0,0,0,0,0,0,0,23,0,0
July 14 - July 21,5,5,SEAREC_trial,Flowering,Fiber,Tori Strausser,2,9,1,1,0,0,21,9,0,127,0,0,1,4,2,0,0,0,0,8,0,0,5,3,0,17,19,0,0,0,18,0,0,0,0,0,0,0,0,0,0,0,15,0,0
July 14 - July 21,5,6,SEAREC_trial,Flowering,Fiber,Tori Strausser,1,0,1,0,0,0,11,7,0,99,0,0,3,9,8,0,0,0,1,12,0,2,18,1,0,67,4,0,0,0,19,0,0,0,0,0,0,0,0,0,0,0,18,0,0
July 21 - July 28,6,1,SEAREC_trial,Flowering,Fiber,Tori Strausser,1,8,1,1,0,0,2,4,0,21,1,0,0,5,8,3,0,0,0,22,0,0,7,1,0,29,1,0,0,0,4,0,1,0,0,0,0,0,0,0,0,0,0,0,0
July 21 - July 28,6,2,SEAREC_trial,Flowering,Fiber,Tori Strausser,8,31,2,1,0,0,8,6,0,140,0,0,0,9,3,1,0,0,3,22,0,0,13,1,0,24,1,0,0,0,9,0,0,0,0,0,0,0,0,0,0,0,0,0,0
July 21 - July 28,6,3,SEAREC_trial,Flowering,Fiber,Tori Strausser,8,18,0,0,0,0,3,4,0,98,0,0,0,4,3,1,0,0,0,1,0,1,9,1,0,55,1,0,0,0,4,0,0,0,0,0,0,0,0,0,0,0,0,0,0
July 21 - July 28,6,4,SEAREC_trial,Flowering,Fiber,Tori Strausser,1,31,0,3,0,0,7,9,0,126,0,0,0,9,1,1,0,0,0,26,0,0,12,2,0,65,7,0,0,0,21,0,0,0,1,0,0,0,0,0,0,0,2,0,0
July 21 - July 28,6,5,SEAREC_trial,Flowering,Fiber,Tori Strausser,10,31,0,0,0,0,5,0,0,81,0,0,0,0,3,2,0,0,0,7,0,0,14,0,0,69,1,0,0,0,10,0,0,0,0,0,0,0,0,0,0,0,0,0,0
July 21 - July 28,6,6,SEAREC_trial,Flowering,Fiber,Tori Strausser,1,27,1,0,0,0,10,0,0,28,1,0,0,4,4,2,0,0,0,26,0,0,12,1,0,34,3,0,0,0,7,0,0,0,0,0,0,0,0,0,0,0,2,0,0
July 21 - July 28,6,7,SEAREC_trial,Flowering,Fiber,Tori Strausser,1,7,0,1,0,0,10,2,0,109,0,0,0,4,0,0,0,0,0,12,0,1,7,0,0,25,4,0,0,0,8,0,0,0,0,0,0,0,0,0,0,0,1,0,0
July 29 - August 04,7,1,SEAREC_trial,Flowering,Fiber,Tori Strausser,4,22,2,3,0,0,9,0,0,356,0,0,0,4,4,0,0,0,0,6,0,2,20,4,0,89,4,0,0,0,5,0,0,0,0,0,0,0,0,0,0,0,0,0,0
July 29 - August 04,7,2,SEAREC_trial,Flowering,Fiber,Tori Strausser,3,35,2,3,0,0,15,23,0,165,0,9,3,8,20,3,0,0,1,29,0,0,21,0,0,65,1,0,0,0,12,0,1,0,0,0,0,0,0,0,0,0,0,0,0
July 29 - August 04,7,3,SEAREC_trial,Flowering,Fiber,Tori Strausser,6,34,0,3,0,0,2,10,0,128,0,8,1,16,4,3,0,0,0,16,0,0,12,1,0,53,0,0,0,0,13,0,0,0,0,0,0,0,0,0,0,0,0,2,0
July 29 - August 04,7,4,SEAREC_trial,Flowering,Fiber,Tori Strausser,4,20,1,4,0,0,7,20,0,119,0,4,7,6,6,3,0,1,0,31,1,1,26,0,0,43,0,0,0,0,3,0,0,0,1,0,0,0,0,0,0,0,0,1,0
July 29 - August 04,7,5,SEAREC_trial,Flowering,Fiber,Tori Strausser,0,6,0,3,0,0,8,20,0,98,0,3,1,14,2,0,0,0,0,12,1,0,12,0,0,37,0,0,0,0,15,1,0,0,0,0,0,0,0,0,0,0,0,1,0
July 29 - August 04,7,6,SEAREC_trial,Flowering,Fiber,Tori Strausser,2,4,1,1,0,0,0,5,0,85,0,0,0,3,0,1,0,0,0,1,0,0,16,2,0,24,2,0,0,0,13,0,0,0,0,0,0,0,0,0,0,0,0,0,0
July 29 - August 04,7,7,SEAREC_trial,Flowering,Fiber,Tori Strausser,1,16,0,3,0,0,2,9,0,86,0,0,0,2,9,1,0,0,0,20,0,1,16,1,0,18,1,0,0,0,1,0,1,0,0,0,0,0,0,0,0,0,0,0,0
August 04 - August 11,8,1,SEAREC_trial,Post_flowering,Fiber,Tori Strausser,0,14,0,1,0,0,9,3,0,220,0,0,2,3,12,3,0,1,0,20,0,1,38,1,0,27,1,0,0,0,3,0,1,0,0,0,0,0,0,0,0,0,0,1,0
August 04 - August 11,8,2,SEAREC_trial,Post_flowering,Fiber,Tori Strausser,1,16,2,1,0,0,11,4,0,143,0,0,4,10,8,0,0,1,0,16,1,0,87,0,0,22,3,0,0,0,6,0,0,0,1,0,0,0,0,0,0,0,0,4,0
August 04 - August 11,8,3,SEAREC_trial,Post_flowering,Fiber,Tori Strausser,0,0,0,10,0,0,0,0,0,6,0,0,2,1,1,1,0,0,0,0,0,0,3,4,0,20,4,0,0,0,1,0,0,0,0,0,0,0,0,0,0,0,1,1,0
August 04 - August 11,8,4,SEAREC_trial,Post_flowering,Fiber,Tori Strausser,2,15,2,3,0,0,1,6,0,155,0,3,19,2,19,3,0,0,1,3,0,4,28,0,0,31,1,0,0,0,11,0,0,0,0,0,0,0,0,0,0,0,0,1,0
August 04 - August 11,8,5,SEAREC_trial,Post_flowering,Fiber,Tori Strausser,1,17,2,2,0,0,3,6,0,137,0,0,6,2,23,2,0,0,0,35,0,1,40,0,0,6,0,0,0,0,6,0,1,0,1,0,0,0,0,0,0,0,0,0,0
August 04 - August 11,8,6,SEAREC_trial,Post_flowering,Fiber,Tori Strausser,0,2,0,1,0,0,0,1,0,87,0,1,8,1,1,0,0,1,0,5,0,0,53,0,0,10,6,0,0,0,4,1,0,0,0,0,0,0,0,0,0,0,0,1,0
August 11 - August 16,9,1,SEAREC_trial,Post_flowering,Fiber,Tori Strausser,1,5,0,10,0,0,1,10,0,157,0,1,4,4,22,2,0,1,2,3,0,0,40,0,0,42,1,0,0,0,1,0,0,0,0,0,0,0,0,0,0,0,0,0,0
August 11 - August 16,9,2,SEAREC_trial,Post_flowering,Fiber,Tori Strausser,1,3,0,1,0,0,5,17,0,258,0,3,13,15,21,1,0,1,0,16,0,2,43,0,0,15,1,0,0,0,2,0,0,0,1,0,0,0,0,0,0,0,3,0,0
August 11 - August 16,9,3,SEAREC_trial,Post_flowering,Fiber,Tori Strausser,2,5,1,5,0,0,5,24,0,172,0,0,5,13,49,9,0,1,4,14,0,2,26,0,0,28,1,0,0,0,8,0,0,0,0,0,0,0,0,0,0,0,1,0,0
August 11 - August 16,9,4,SEAREC_trial,Post_flowering,Fiber,Tori Strausser,2,6,1,16,0,0,3,18,0,166,0,0,4,4,19,0,0,0,0,1,0,0,67,0,0,27,1,0,0,0,6,0,1,0,1,0,0,0,0,0,0,0,0,0,0
August 11 - August 16,9,5,SEAREC_trial,Post_flowering,Fiber,Tori Strausser,2,6,3,16,0,0,6,39,0,133,0,2,8,6,30,2,0,1,1,20,0,0,70,2,0,16,2,0,0,1,2,0,1,0,0,0,0,0,0,0,0,0,1,1,0
August 11 - August 16,9,6,SEAREC_trial,Post_flowering,Fiber,Tori Strausser,0,6,1,1,0,0,5,29,0,357,0,6,7,3,27,6,0,2,0,17,0,0,22,1,0,32,0,0,0,0,1,0,0,0,2,0,0,0,0,0,0,0,0,0,0
June 17-June 24,1,1,Coexist farm,Vegetative,Fiber,Annie Urban,1,100,13,31,10,0,2,0,0,35,0,0,0,2,0,0,0,0,0,1,0,0,1,1,0,27,5,0,10,0,15,0,0,0,1,0,0,0,0,0,0,0,0,0,0
June 17-June 24,1,2,Coexist farm,Vegetative,Fiber,Annie Urban,0,93,36,4,0,0,16,0,0,69,0,0,0,3,2,0,0,0,0,9,0,0,5,0,0,64,1,0,19,6,4,0,1,0,2,0,0,0,0,0,0,0,1,0,0
June 17-June 24,1,3,Coexist farm,Vegetative,Fiber,Annie Urban,0,445,42,52,5,0,20,0,0,212,0,24,0,1,7,0,7,3,0,0,0,1,12,0,1,111,1,0,18,4,0,0,2,0,1,0,0,0,0,0,0,0,0,1,0
June 24-July 01,2,1,Coexist farm,Vegetative,Fiber,Annie Urban,7,735,32,12,0,0,3,0,0,283,0,63,0,7,2,1,0,8,3,2,0,0,22,0,2,47,1,0,10,2,2,2,1,0,0,0,0,0,0,0,0,0,1,0,2
June 24-July 01,2,2,Coexist farm,Vegetative,Fiber,Annie Urban,19,92,39,12,0,0,7,0,0,403,0,14,0,4,3,0,0,3,1,0,0,0,9,0,0,65,8,0,8,1,7,32,0,0,0,0,0,0,0,0,0,0,1,4,0
June 24-July 01,2,3,Coexist farm,Vegetative,Fiber,Annie Urban,8,98,32,3,2,0,2,0,0,380,0,97,0,3,3,0,0,6,2,1,0,0,10,3,1,82,2,0,36,4,2,14,2,0,1,0,0,0,0,0,0,0,2,2,0
July 01-July 07,3,1,Coexist farm,Vegetative,Fiber,Annie Urban,21,569,22,12,0,0,7,0,0,413,0,84,0,30,45,0,0,40,0,9,0,1,13,3,13,83,1,0,5,2,1,52,0,0,1,0,0,0,0,0,0,0,0,1,0
July 01-July 07,3,2,Coexist farm,Vegetative,Fiber,Annie Urban,2,410,16,2,2,0,2,0,0,391,0,68,0,5,12,0,0,8,0,2,1,1,4,0,0,48,1,0,3,4,2,21,1,0,0,0,0,0,0,0,0,0,0,0,0
July 01-July 07,3,3,Coexist farm,Vegetative,Fiber,Annie Urban,5,41,16,1,0,0,1,0,0,253,0,8,0,9,5,3,0,1,0,0,0,0,8,0,3,63,15,0,4,0,5,10,0,0,0,0,0,0,0,0,0,0,0,4,0
July 07 - July 14,4,1,Coexist farm,Vegetative,Fiber,Annie Urban,10,112,16,11,0,0,1,0,0,679,0,61,0,10,2,0,0,13,0,1,0,0,7,1,3,75,5,0,6,2,1,20,0,0,0,0,0,0,0,0,0,0,1,5,0
July 07 - July 14,4,2,Coexist farm,Vegetative,Fiber,Annie Urban,19,713,21,8,0,0,2,0,0,486,0,41,0,38,66,1,0,71,0,7,0,2,5,1,1,122,7,1,21,2,8,68,1,0,1,0,0,0,0,0,0,0,0,5,0
July 07 - July 14,4,3,Coexist farm,Vegetative,Fiber,Annie Urban,6,26,15,0,0,0,0,0,0,315,0,4,0,9,2,0,0,6,0,2,0,0,2,1,1,62,5,0,20,0,6,17,1,0,0,0,0,0,0,0,0,0,1,0,0
June 18 - July 01,1,1,SEAREC_fiber,Vegetative,Fiber,Tori Strausser,1,32,0,12,0,0,16,0,0,46,0,2,11,0,1,3,0,0,1,0,0,0,1,4,0,1,0,0,0,0,6,0,3,0,0,0,0,0,0,0,0,0,0,0,0
June 18 - July 01,1,2,SEAREC_fiber,Vegetative,Fiber,Tori Strausser,1,46,10,10,0,0,11,1,0,205,1,11,8,0,6,3,0,0,0,1,0,0,2,1,0,4,1,0,3,0,1,0,3,0,1,0,0,0,0,0,0,0,0,3,0
June 18 - July 01,1,3,SEAREC_fiber,Vegetative,Fiber,Tori Strausser,3,44,8,14,0,0,24,0,0,53,1,5,1,1,0,1,0,0,1,0,0,0,5,4,0,6,0,0,3,0,3,0,2,0,0,0,0,0,0,0,0,0,2,0,0
June 18 - July 01,1,4,SEAREC_fiber,Vegetative,Fiber,Tori Strausser,0,19,4,1,0,0,13,2,0,139,0,1,0,0,1,8,0,0,0,4,0,0,6,4,0,1,0,0,0,0,8,0,2,0,0,0,0,0,0,0,0,0,0,0,0
July 01 - July 07,2,1,SEAREC_fiber,Vegetative,Fiber,Tori Strausser,2,43,5,3,0,0,29,0,0,88,1,4,0,0,2,1,0,0,1,2,0,0,4,0,0,1,1,0,1,0,5,0,2,0,0,0,0,0,0,0,0,0,2,1,0
July 01 - July 07,2,2,SEAREC_fiber,Vegetative,Fiber,Tori Strausser,8,27,5,9,0,0,27,1,0,59,0,0,0,2,1,0,0,0,2,2,0,0,0,1,0,10,4,0,0,0,2,0,2,0,0,0,0,0,0,0,0,0,0,0,0
July 01 - July 07,2,3,SEAREC_fiber,Vegetative,Fiber,Tori Strausser,0,55,10,15,0,0,4,1,0,134,0,0,1,0,2,1,0,1,2,0,0,0,1,0,0,2,1,0,0,0,2,0,1,0,0,0,0,0,0,0,0,0,0,0,0
July 01 - July 07,2,4,SEAREC_fiber,Vegetative,Fiber,Tori Strausser,9,114,5,1,0,0,37,3,0,91,1,0,3,2,8,1,0,0,2,5,0,1,3,1,1,1,2,0,2,0,4,0,0,0,0,0,0,0,0,0,0,0,2,0,0
July 07 - July 14,3,1,SEAREC_fiber,Vegetative,Fiber,Tori Strausser,4,28,1,3,0,0,23,2,0,190,0,0,5,1,6,0,0,0,1,1,0,1,1,0,0,7,3,0,1,0,19,0,2,0,0,0,0,0,0,0,0,0,0,0,0
July 07 - July 14,3,2,SEAREC_fiber,Vegetative,Fiber,Tori Strausser,5,79,1,0,0,0,13,1,0,225,3,0,8,2,10,0,0,0,2,1,0,1,10,0,0,4,1,0,0,0,11,0,3,0,0,0,0,0,0,0,0,0,2,2,0
July 07 - July 14,3,3,SEAREC_fiber,Vegetative,Fiber,Tori Strausser,10,54,3,3,0,0,25,0,0,167,1,0,2,1,8,1,0,0,1,2,0,0,8,0,1,6,1,0,0,0,11,0,1,0,0,0,0,0,0,0,0,0,0,0,0
July 14 - July 21,4,1,SEAREC_fiber,Vegetative,Fiber,Tori Strausser,2,65,2,1,0,0,10,1,0,200,0,1,0,7,20,0,0,1,0,3,0,0,7,1,0,9,2,0,2,0,16,0,2,0,2,0,0,0,0,0,0,1,0,0,0
July 14 - July 21,4,2,SEAREC_fiber,Vegetative,Fiber,Tori Strausser,17,19,0,0,0,0,2,0,0,130,0,0,0,0,5,0,0,0,0,0,0,0,1,1,0,12,2,0,1,0,13,0,5,0,0,0,0,0,0,0,0,1,1,0,0
July 14 - July 21,4,3,SEAREC_fiber,Vegetative,Fiber,Annie Urban,7,45,2,1,0,0,4,0,0,122,0,0,0,0,7,1,0,0,0,0,0,0,4,0,0,52,0,0,21,2,11,3,3,0,0,0,0,0,0,0,0,0,0,0,0
July 21 - July 28,5,1,SEAREC_fiber,Flowering,Fiber,Annie Urban,18,74,5,1,2,0,8,0,0,56,0,2,0,2,3,0,2,0,1,1,0,8,6,0,0,48,5,0,5,1,8,2,2,0,0,0,0,0,0,0,0,1,1,1,0
July 21 - July 28,5,2,SEAREC_fiber,Flowering,Fiber,Elise Wang,3,31,3,0,7,0,17,0,13,136,0,0,0,22,4,0,0,1,0,4,0,0,9,2,0,32,0,0,13,0,10,0,1,0,5,0,0,0,0,0,0,0,2,0,0
July 21 - July 28,5,3,SEAREC_fiber,Flowering,Fiber,Annie Urban,27,56,9,3,1,0,2,0,0,60,0,2,0,0,0,0,0,0,0,0,0,1,1,1,0,53,1,0,4,0,19,0,1,0,0,0,0,0,0,0,0,0,0,0,0
July 29 - August 04,6,1,SEAREC_fiber,Flowering,Fiber,Annie Urban,27,99,11,3,12,0,3,0,0,105,0,0,0,10,18,0,0,0,0,1,0,0,0,0,0,66,2,1,19,5,2,0,8,0,3,0,0,0,0,0,0,0,1,0,0
July 29 - August 04,6,2,SEAREC_fiber,Flowering,Fiber,Elise Wang,12,70,1,4,2,0,6,9,0,51,0,0,1,0,3,0,0,0,0,0,1,3,2,0,0,72,1,0,5,0,12,0,3,0,0,0,0,0,0,0,0,0,1,1,0
July 29 - August 04,6,3,SEAREC_fiber,Flowering,Fiber,Elise Wang,8,55,6,5,4,0,3,6,0,95,0,0,0,5,5,0,0,0,0,0,3,3,2,3,0,51,2,0,1,0,19,2,4,0,4,0,0,0,0,0,0,0,0,0,0
August 04 - August 11,7,1,SEAREC_fiber,Flowering,Fiber,Elise Wang,5,86,4,7,2,0,2,8,0,61,0,0,0,7,1,0,0,2,0,1,1,10,5,2,0,53,7,0,5,1,6,1,2,0,7,0,0,0,0,0,0,0,0,0,0
August 04 - August 11,7,2,SEAREC_fiber,Flowering,Fiber,Michael Evans,16,28,1,0,5,0,3,0,0,35,0,0,4,1,3,0,0,1,0,11,0,6,8,0,0,14,74,0,0,0,7,0,1,0,0,0,0,0,0,0,0,0,1,0,0
August 04 - August 11,7,3,SEAREC_fiber,Flowering,Fiber,Elise Wang,3,25,5,5,6,0,8,8,0,53,0,5,0,13,12,0,0,1,2,8,0,4,8,1,0,62,7,0,2,0,11,1,1,0,9,0,0,0,0,0,0,2,0,1,0
August 11 - August 16,8,1,SEAREC_fiber,Post_flowering,Fiber,Michael Evans,2,16,4,0,6,0,14,0,0,15,0,0,1,2,12,0,0,0,0,1,0,2,1,0,0,24,5,0,7,0,8,0,1,0,0,0,0,0,0,0,0,0,0,0,0
August 11 - August 16,8,2,SEAREC_fiber,Post_flowering,Fiber,Michael Evans,34,34,1,2,8,0,0,7,1,21,0,0,4,8,4,0,0,0,0,7,0,3,1,1,0,19,0,0,4,0,6,0,4,0,0,0,0,0,0,0,0,0,2,0,0
August 11 - August 16,8,3,SEAREC_fiber,Post_flowering,Fiber,Michael Evans,31,24,0,0,8,0,0,9,1,9,0,0,2,1,9,1,0,0,0,2,0,0,0,1,0,27,9,0,0,0,4,0,4,0,0,0,0,0,0,0,0,0,0,0,0
June 30 - July 08,1,1,RockSprings_CBD,Vegetative,CBD,Elise Wang,0,47,8,7,3,0,11,6,4,151,1,8,2,18,8,11,0,2,3,14,1,5,2,2,4,37,3,1,6,2,17,0,0,0,4,0,0,0,0,0,0,0,2,0,0
June 30 - July 08,1,2,RockSprings_CBD,Vegetative,CBD,Michael Evans,6,15,3,8,3,0,7,4,0,101,0,2,3,7,5,36,0,0,1,8,0,0,0,0,0,31,4,0,2,0,6,0,0,0,0,0,0,0,0,0,0,0,0,0,0
June 30- July 08,1,3,RockSprings_CBD,Vegetative,CBD,Annie Urban,1,42,4,5,3,0,1,0,12,144,0,1,0,14,2,0,0,0,0,3,0,0,0,1,0,48,1,0,21,0,4,0,0,0,0,0,0,0,0,0,0,0,0,0,0
June 30 - July 08,1,4,RockSprings_CBD,Vegetative,CBD,Elise Wang,5,71,4,12,4,0,3,19,3,156,0,7,0,8,6,46,0,0,0,8,0,1,0,0,0,48,4,0,5,1,7,1,2,0,5,0,0,0,0,0,0,0,1,0,1
July 08 - July 15,2,1,RockSprings_CBD,Vegetative,CBD,Michael Evans,0,95,6,3,0,0,2,4,2,338,0,6,0,14,26,63,0,0,0,12,1,6,1,0,0,53,0,0,10,0,7,0,1,0,3,0,0,0,0,0,0,0,0,0,0
July 08 - July 15,2,2,RockSprings_CBD,Vegetative,CBD,Michael Evans,0,47,7,5,0,0,2,10,0,204,0,5,0,31,17,59,0,1,0,9,0,9,0,0,0,54,1,0,2,0,3,0,1,0,4,0,0,0,0,0,0,0,0,0,0
July 08 - July 15,2,3,RockSprings_CBD,Vegetative,CBD,Michael Evans,1,45,8,5,0,0,1,9,1,333,0,5,1,7,42,77,0,0,0,12,1,5,0,2,0,59,5,0,2,0,5,0,1,0,1,0,0,0,0,0,0,0,0,0,0
July 08 - July 15 ,2,4,RockSprings_CBD,Vegetative,CBD,Michael Evans,0,47,2,3,0,0,1,10,0,468,0,14,0,16,22,90,0,0,0,8,2,5,4,0,0,65,1,0,5,0,5,0,1,0,0,0,0,0,0,0,0,0,0,0,0
July 15 - July 22,3,1,RockSprings_CBD,Vegetative,CBD,Michael Evans,1,160,6,9,0,0,1,5,2,480,0,5,0,13,32,36,0,1,0,20,0,5,4,0,0,60,2,0,1,0,2,9,1,0,3,0,0,0,0,0,0,0,0,0,0
July 15 - July 22,3,2,RockSprings_CBD,Vegetative,CBD,Michael Evans,1,70,13,7,3,0,3,3,4,268,0,6,0,19,29,33,0,0,0,18,0,5,2,2,0,33,1,0,2,1,1,4,1,0,0,0,0,0,0,0,0,0,0,0,0
July 15 - July 22,3,3,RockSprings_CBD,Vegetative,CBD,Michael Evans,0,46,13,4,2,0,2,4,0,344,0,8,0,31,9,25,0,1,0,3,0,4,0,0,0,40,1,0,1,0,3,0,0,0,3,0,0,0,0,0,0,0,0,0,0
July 15 - July 22,3,4,RockSprings_CBD,Vegetative,CBD,Michael Evans,0,24,7,1,0,0,0,10,0,743,0,12,0,33,11,44,0,2,0,13,1,1,8,0,0,43,0,0,1,0,3,0,0,0,0,0,0,0,0,0,0,0,0,0,0
July 22 - July 29,4,1,RockSprings_CBD,Vegetative,CBD,Michael Evans,0,58,4,13,0,0,0,1,2,379,0,7,0,13,23,61,0,2,0,15,0,4,2,0,0,54,2,1,1,0,5,0,1,0,2,0,0,0,0,0,0,0,0,0,0
July 22 - July 29,4,2,RockSprings_CBD,Vegetative,CBD,Michael Evans,0,186,1,15,0,0,0,1,2,212,0,6,0,13,18,23,0,1,0,26,0,9,4,0,0,76,0,1,3,0,6,0,2,0,1,0,0,0,0,0,0,0,0,0,0
July 22 - July 29,4,3,RockSprings_CBD,Vegetative,CBD,Michael Evans,0,84,8,6,2,0,0,2,1,342,0,4,0,31,16,27,0,0,0,16,1,2,7,0,0,90,1,0,6,0,2,0,0,0,0,0,0,0,0,0,0,0,0,0,0
July 22 - July 29,4,4,RockSprings_CBD,Vegetative,CBD,Michael Evans,0,57,2,0,0,0,0,2,0,110,0,2,0,8,13,14,0,1,0,9,0,2,0,3,0,33,0,0,0,0,9,0,1,0,1,0,0,0,0,0,0,0,0,0,0
July 29 - August 3,5,1,RockSprings_CBD,Vegetative,CBD,Michael Evans,6,91,2,16,5,0,0,4,2,217,1,1,0,14,24,10,0,3,0,11,0,1,9,0,0,118,0,0,1,0,5,0,4,0,0,0,0,0,0,0,0,0,0,0,0
July 29 - August 3,5,2,RockSprings_CBD,Vegetative,CBD,Michael Evans,12,62,6,8,4,0,0,2,1,543,0,6,0,8,53,28,0,6,0,10,0,1,6,0,0,122,1,0,0,0,3,0,0,0,0,0,0,0,0,0,0,0,0,0,0
July 29 - August 3,5,3,RockSprings_CBD,Vegetative,CBD,Michael Evans,9,123,0,5,0,0,0,2,1,144,0,9,0,4,15,10,0,2,0,11,0,1,0,0,0,130,0,0,0,0,6,0,3,0,1,0,0,0,0,0,0,0,1,0,0
July 29 - August 3,5,4,RockSprings_CBD,Vegetative,CBD,Michael Evans,9,107,3,6,3,0,2,5,1,300,0,2,0,5,17,19,0,1,0,6,0,2,2,0,0,119,1,0,0,0,6,1,1,0,0,0,0,0,0,0,0,0,0,0,0
August 5 - August 12,6,1,RockSprings_CBD,Flowering,CBD,Michael Evans,40,100,1,1,3,0,2,6,0,92,0,1,0,3,22,12,0,0,0,18,0,1,6,1,0,256,1,1,1,0,3,0,1,0,1,0,0,0,0,0,0,0,0,0,0
August 5 - August 12,6,2,RockSprings_CBD,Flowering,CBD,Michael Evans,17,111,0,3,3,0,1,7,2,140,0,0,0,4,27,29,0,0,0,12,0,3,6,0,0,264,0,0,0,0,5,0,4,0,2,0,0,0,0,0,0,0,0,0,0
August 5 - August 12,6,3,RockSprings_CBD,Flowering,CBD,Michael Evans,35,132,3,8,6,0,0,13,2,485,0,4,0,7,90,132,0,1,0,23,0,2,13,0,0,219,2,0,1,0,3,0,1,0,3,0,0,0,0,0,0,0,0,0,0
August 5 - August 12,6,4,RockSprings_CBD,Flowering,CBD,Michael Evans,54,155,8,15,45,0,1,38,5,507,0,7,0,21,119,120,0,5,0,39,0,6,11,0,0,197,0,0,0,0,3,0,1,0,3,0,0,0,0,0,0,0,0,0,0
August 12 - August 18,7,1,RockSprings_CBD,Flowering,CBD,Michael Evans,4,64,0,7,6,0,0,3,1,42,0,0,0,0,7,1,0,2,0,1,0,0,1,0,0,124,0,0,0,1,0,0,1,0,0,0,0,0,0,0,0,0,0,0,0
August 12 - August 18 ,7,2,RockSprings_CBD,Flowering,CBD,Michael Evans,13,78,2,2,8,0,0,4,0,141,0,0,0,6,28,43,0,2,0,11,0,0,2,2,0,151,0,0,0,0,1,1,0,0,0,0,0,0,0,0,0,0,0,0,0
August 12 - August 18 ,7,3,RockSprings_CBD,Flowering,CBD,Michael Evans,11,61,0,5,0,0,0,9,0,116,0,0,1,0,40,32,0,2,0,19,0,3,3,0,0,148,1,0,0,0,0,0,1,0,1,0,0,0,0,0,0,0,0,0,0
August 12 - August 18 ,7,4,RockSprings_CBD,Flowering,CBD,Michael Evans,12,127,2,21,17,0,0,7,1,214,0,0,0,3,38,22,0,3,0,21,0,0,4,1,0,162,0,0,0,0,1,0,0,0,0,0,0,0,0,0,0,0,0,0,0
August 18 - August 25,8,1,RockSprings_CBD,Flowering,CBD,Michael Evans,22,100,2,23,45,0,0,22,0,132,0,0,0,3,17,55,0,8,0,7,1,3,8,1,0,232,1,0,0,1,3,2,0,0,0,0,0,0,0,0,0,0,0,0,0
August 18 - August 25,8,3,RockSprings_CBD,Flowering,CBD,Michael Evans,15,87,2,25,22,0,0,10,0,129,0,0,1,9,40,16,0,0,0,21,0,4,13,2,0,162,0,0,0,0,2,0,0,0,0,0,0,0,0,0,0,0,0,0,0
August 18 - August 25,8,4,RockSprings_CBD,Flowering,CBD,Michael Evans,24,117,3,36,31,0,0,17,0,185,0,0,2,2,14,58,0,9,0,14,0,1,3,3,0,114,0,0,0,1,2,0,0,0,0,0,0,0,0,0,0,0,0,0,0
August 26 - September 2,9,1,RockSprings_CBD,Flowering,CBD,Jorge Jaramillo,6,49,0,8,11,0,0,5,0,96,0,0,0,18,37,10,0,0,0,8,0,3,2,1,0,165,3,5,3,0,5,0,0,0,2,0,0,0,0,0,0,1,0,0,0
August 26 - September 2,9,2,RockSprings_CBD,Flowering,CBD,Michael Evans,7,48,3,18,50,0,0,38,2,192,0,0,1,3,55,28,0,7,0,9,0,0,4,0,0,127,1,0,0,0,4,0,0,0,1,0,0,0,0,0,0,0,0,0,0
August 26 - September 2,9,3,RockSprings_CBD,Flowering,CBD,Michael Evans,19,86,5,58,50,0,0,79,2,174,0,0,2,9,49,71,0,22,0,3,0,2,12,0,0,264,0,0,0,1,1,0,0,0,1,0,0,0,0,0,0,0,0,1,0
August 26 - September 2,9,4,RockSprings_CBD,Flowering,CBD,Michael Evans,3,27,5,26,10,0,0,21,0,87,1,0,0,16,13,4,0,7,0,4,0,2,7,0,0,182,0,0,0,0,1,0,0,0,0,0,0,0,0,0,0,0,0,0,0
September 2 - September 9 ,10,1,RockSprings_CBD,Flowering,CBD,Michael Evans,0,7,2,0,5,0,0,0,0,1,0,0,0,13,15,0,0,2,0,1,1,1,0,0,0,1,1,0,0,0,0,0,0,0,1,0,0,0,0,0,0,0,0,0,0
September 2 - September 9 ,10,2,RockSprings_CBD,Flowering,CBD,Michael Evans,3,25,6,52,37,0,0,15,0,86,0,0,2,2,29,21,0,9,0,3,0,0,1,0,0,152,0,0,0,0,0,0,0,0,0,0,0,0,0,0,0,0,0,0,0
September 2 - Septembr 9,10,3,RockSprings_CBD,Flowering,CBD,Michael Evans,3,15,7,5,26,0,0,7,0,65,0,0,2,13,41,3,0,2,0,5,0,0,1,2,0,68,0,0,0,0,0,0,0,0,1,0,0,0,0,0,0,0,0,0,0
September 2 - September 9 ,10,4,RockSprings_CBD,Flowering,CBD,Michael Evans,0,25,0,4,3,0,0,0,0,55,0,0,2,10,46,0,0,2,0,4,0,0,1,0,0,121,0,0,0,0,0,1,0,0,1,0,0,0,0,0,0,0,0,0,0
September 9 - September 16,11,1,RockSprings_CBD,Post_flowering,CBD,Michael Evans,0,3,24,1,4,0,0,8,0,28,0,0,0,6,45,15,0,1,0,5,0,1,1,0,0,66,0,0,0,0,2,0,0,0,0,0,0,0,0,0,0,0,0,0,0
September 9 - September 16,11,2,RockSprings_CBD,Post_flowering,CBD,Michael Evans,2,1,16,20,20,0,0,7,0,110,0,0,4,1,29,2,0,9,0,0,0,1,0,0,0,84,1,0,0,0,0,0,0,0,0,0,0,0,0,0,0,0,0,0,0
September 9 - September 16,11,3,RockSprings_CBD,Post_flowering,CBD,Jorge Jaramillo,0,15,33,6,6,0,0,10,1,83,0,0,0,13,77,24,0,4,0,2,0,1,0,0,0,107,1,2,1,0,0,0,0,0,0,0,0,0,0,0,0,0,0,0,0
September 9 - September 16,11,4,RockSprings_CBD,Post_flowering,CBD,Jorge Jaramillo,2,12,25,18,13,0,0,36,0,107,0,0,11,1,66,29,3,14,0,1,0,0,1,1,0,95,4,1,1,1,0,0,0,0,0,0,0,0,0,0,0,0,0,0,0
September 16 - September 23,12,1,RockSprings_CBD,Post_flowering,CBD,Michael Evans,2,18,14,10,18,0,0,20,0,70,0,0,0,1,77,21,0,5,0,1,0,0,0,1,0,94,0,0,0,0,1,1,0,0,0,0,0,0,0,0,0,0,0,0,0
September 16 - September 23,12,2,RockSprings_CBD,Post_flowering,CBD,Michael Evans,0,2,31,2,9,0,0,27,0,36,0,0,0,3,57,12,0,0,0,3,0,1,1,1,0,69,0,0,0,1,1,0,0,0,0,0,0,0,0,0,0,0,0,0,0
September 16 - September 23,12,3,RockSprings_CBD,Post_flowering,CBD,Jorge Jaramillo,0,6,20,8,18,0,1,22,2,33,0,0,1,10,92,96,2,3,0,1,0,2,2,0,0,84,1,0,0,0,0,0,0,0,1,0,0,0,0,0,0,0,0,0,0
September 16 - September 23,12,4,RockSprings_CBD,Post_flowering,CBD,Michael Evans,1,8,17,1,14,0,0,8,0,48,0,0,1,8,24,28,0,3,0,3,0,1,0,0,0,78,0,0,0,0,1,1,0,0,0,0,0,0,0,0,0,0,0,0,0
September 22 - September 30,13,1,RockSprings_CBD,Post_flowering,CBD,Michael Evans,0,3,13,3,24,0,0,5,0,15,0,0,0,3,48,20,0,3,0,1,0,0,0,0,0,41,0,0,0,1,1,0,0,0,0,0,0,0,0,0,0,0,0,0,0
September 22 - September 30,13,2,RockSprings_CBD,Post_flowering,CBD,Michael Evans,0,0,13,0,8,0,0,1,0,22,0,0,0,1,12,10,0,1,0,1,0,0,0,0,0,27,0,0,0,0,1,0,0,0,0,0,0,0,0,0,0,0,0,0,0
September 22 - September 30,13,3,RockSprings_CBD,Post_flowering,CBD,Michael Evans,0,0,25,1,4,0,0,3,0,10,0,0,0,0,13,1,0,0,0,0,0,0,0,0,0,37,0,0,0,0,0,0,0,0,0,0,0,0,0,0,0,0,0,0,0
September 22 - September 30,13,4,RockSprings_CBD,Post_flowering,CBD,Michael Evans,0,7,26,1,6,0,0,3,0,44,0,0,0,0,14,17,0,2,0,2,0,1,1,0,0,18,0,0,0,0,2,0,0,0,0,0,0,0,0,0,0,1,0,0,0
September 30 - October 10,14,1,RockSprings_CBD,Post_flowering,CBD,Michael Evans,0,1,14,1,17,0,0,1,0,6,0,0,0,0,10,19,0,3,0,1,0,0,0,0,0,11,0,0,0,0,1,0,0,0,0,0,0,0,0,0,0,0,0,0,0
September 30 - October 10,14,2,RockSprings_CBD,Post_flowering,CBD,Michael Evans,0,0,18,3,3,0,0,0,0,11,0,0,0,0,7,5,0,4,0,1,0,0,0,0,0,35,0,0,0,0,2,0,0,0,0,0,0,0,0,0,0,0,0,0,0
September 30 - October 10,14,3,RockSprings_CBD,Post_flowering,CBD,Michael Evans,0,2,13,2,12,0,0,1,0,30,0,0,0,1,9,7,0,0,0,2,0,0,0,0,0,41,0,0,1,0,5,0,0,0,0,0,0,0,0,0,0,0,0,0,0
September 30 - October 10,14,4,RockSprings_CBD,Post_flowering,CBD,Michael Evans,0,1,9,0,8,0,0,1,0,21,0,0,0,0,4,14,0,0,0,7,0,0,0,0,0,32,0,0,0,0,2,0,0,0,0,0,0,0,0,0,0,0,0,0,0
July 8 - July 14,1,1,RockSprings_fiber,Vegetative,Fiber,Jonah Naugle,0,271,6,24,3,0,19,0,14,122,3,0,0,3,15,126,0,1,0,10,1,4,0,3,0,212,6,1,2,0,1,1,7,0,3,0,0,0,0,0,0,0,0,0,0
July 8 - July 14,1,2,RockSprings_fiber,Vegetative,Fiber,Michael Evans,12,266,7,14,5,0,3,1,8,91,1,0,0,7,18,164,0,0,0,8,0,3,3,2,0,214,1,0,0,0,1,0,1,0,0,0,0,0,0,0,0,0,1,0,0
July 8 - July 14,1,3,RockSprings_fiber,Vegetative,Fiber,Michael Evans,24,572,10,44,20,0,9,3,5,209,3,0,0,3,33,203,0,0,0,10,0,1,0,1,0,152,0,0,1,0,4,0,1,0,1,0,0,0,0,0,0,0,0,1,0
July 15 - July 22,2,1,RockSprings_fiber,Vegetative,Fiber,Michael Evans,16,397,5,19,8,0,8,3,8,423,0,7,0,6,22,55,0,2,0,10,1,2,0,1,0,203,0,0,0,0,3,0,2,0,0,0,0,0,0,0,0,1,0,0,0
July 15 - July 22,2,2,RockSprings_fiber,Vegetative,Fiber,Michael Evans,16,369,13,13,7,0,3,5,10,456,0,1,0,10,35,84,0,6,0,10,1,1,2,1,0,219,0,0,1,0,3,0,0,0,0,0,0,0,0,0,0,0,0,0,0
July 22 - July  28,3,1,RockSprings_fiber,Vegetative,Fiber,Michael Evans,48,131,4,3,6,0,2,14,0,172,0,1,0,5,37,9,0,0,0,7,0,3,8,1,0,338,0,0,0,0,5,1,1,0,2,0,0,0,0,0,0,0,0,0,0
July 22 - July 28,3,2,RockSprings_fiber,Vegetative,Fiber,Michael Evans,65,440,1,0,5,0,4,32,2,365,0,9,0,20,42,22,0,7,0,28,1,1,10,0,0,292,0,0,2,0,1,0,1,0,3,0,0,0,0,0,0,0,0,0,0
July 22 - July 29,3,3,RockSprings_fiber,Vegetative,Fiber,Michael Evans,52,106,2,0,16,0,5,36,10,317,0,1,0,11,14,23,0,6,0,4,0,1,3,2,0,145,1,0,1,0,2,0,0,0,2,0,0,0,0,0,0,0,0,0,0
July 29 - August 3,4,1,RockSprings_fiber,Vegetative,Fiber,Michael Evans,18,113,3,2,15,0,1,22,0,163,0,0,0,14,26,3,0,1,0,7,1,0,17,0,0,204,0,0,0,0,0,0,1,0,0,0,0,0,0,0,0,0,0,0,0
July 29 - August 3,4,2,RockSprings_fiber,Vegetative,Fiber,Michael Evans,31,116,4,4,19,0,0,52,6,302,0,1,0,7,31,20,0,7,0,5,0,1,4,1,0,195,0,0,1,0,3,0,2,0,0,0,0,0,0,0,0,0,0,0,0
July 29 - August 3,4,3,RockSprings_fiber,Vegetative,Fiber,Michael Evans,68,239,0,1,10,0,6,22,1,237,1,1,0,14,37,2,0,4,0,14,0,3,31,2,0,356,0,0,0,0,1,0,1,0,0,0,0,0,0,0,0,0,0,0,0
August 5 - August 12,5,1,RockSprings_fiber,Flowering,Fiber,Jonah Naugle,30,135,0,2,48,0,6,24,3,323,0,0,13,17,43,15,0,3,1,22,0,3,61,2,0,344,0,0,0,0,1,0,0,0,0,0,0,0,0,0,0,0,0,0,0
August 5 - August 12,5,2,RockSprings_fiber,Flowering,Fiber,Michael Evans,9,78,0,8,20,0,1,30,0,156,0,4,3,18,27,0,0,0,0,5,1,3,31,0,0,214,0,0,0,0,3,0,0,0,0,0,0,0,0,0,0,0,0,0,0
August 5 - August 12 ,5,3,RockSprings_fiber,Flowering,Fiber,Michael Evans,6,79,0,0,33,0,1,35,0,464,0,1,0,10,52,33,0,0,0,3,0,0,12,0,0,120,0,0,0,1,4,0,1,0,0,0,0,0,0,0,0,0,0,0,0
August 12 - August 18,6,1,RockSprings_fiber,Flowering,Fiber,Michael Evans,4,108,1,2,28,0,0,166,2,99,0,2,0,10,37,10,0,3,0,16,0,0,2,0,0,100,0,0,0,0,4,7,0,0,0,0,0,0,0,0,0,0,0,0,0
August 12 - August 18,6,2,RockSprings_fiber,Flowering,Fiber,Michael Evans,4,306,1,1,28,0,1,67,0,104,0,1,0,23,63,13,0,11,0,9,0,0,3,1,0,69,0,0,0,1,0,0,1,0,1,0,0,0,0,0,0,1,0,0,0
August 12 - August 18 ,6,3,RockSprings_fiber,Flowering,Fiber,Michael Evans,8,59,4,5,8,0,1,36,0,106,1,1,5,8,22,0,0,1,0,13,0,0,5,0,0,120,0,0,0,0,1,0,0,0,0,0,0,0,0,0,0,0,0,0,0
August 18 - August 25,7,1,RockSprings_fiber,Flowering,Fiber,Michael Evans,2,206,4,7,77,0,7,288,0,46,1,2,1,15,20,11,0,8,0,5,1,0,11,1,0,126,0,0,0,0,5,0,1,0,0,0,0,0,0,0,0,0,0,0,0
August 18 - August 25,7,2,RockSprings_fiber,Flowering,Fiber,Jonah Naugle,2,189,6,20,48,0,1,79,0,108,0,0,3,2,16,66,0,10,0,33,0,2,6,1,0,233,0,0,1,0,1,0,0,0,3,0,0,0,0,0,0,0,0,0,0
August 18 - August 25,7,3,RockSprings_fiber,Flowering,Fiber,Michael Evans,4,63,6,5,57,0,1,177,1,79,0,1,17,7,39,10,0,3,0,16,0,6,5,0,0,121,0,0,1,0,0,0,0,0,0,0,0,0,0,0,0,0,0,0,0
August 25 - September 2,8,1,RockSprings_fiber,Post_flowering,Fiber,Michael Evans,0,12,4,18,47,0,0,115,0,193,0,6,17,40,134,4,0,5,0,21,0,0,4,1,0,158,0,0,0,0,3,0,0,0,0,0,0,0,0,0,0,0,0,0,0
August 25 - September 3,8,2,RockSprings_fiber,Post_flowering,Fiber,Michael Evans,2,49,7,19,30,0,0,42,0,85,0,1,1,11,26,57,0,6,0,31,0,0,10,2,0,201,0,0,0,0,5,0,0,0,1,0,0,0,0,0,0,0,0,0,0
August 25 - September 2,8,3,RockSprings_fiber,Post_flowering,Fiber,Michael Evans,0,28,9,23,34,0,0,54,0,41,0,1,1,8,41,4,0,3,0,13,0,2,2,1,0,163,1,0,0,0,4,0,1,0,1,0,0,0,0,0,0,0,0,0,0
September 2 - September 9,9,1,RockSprings_fiber,Post_flowering,Fiber,Michael Evans,0,10,6,5,67,0,2,55,1,66,0,1,4,2,148,11,0,2,0,16,0,1,1,1,0,75,0,0,1,0,2,0,0,0,0,0,0,0,0,0,0,0,0,0,0
September 2 - September 9,9,2,RockSprings_fiber,Post_flowering,Fiber,Michael Evans,0,18,3,10,53,0,8,54,1,57,0,3,7,9,86,12,0,4,0,7,1,0,2,0,0,100,0,0,0,0,0,0,0,0,1,0,0,0,0,0,0,0,0,0,0
September 2 - September 9 ,9,3,RockSprings_fiber,Post_flowering,Fiber,Michael Evans,1,7,0,14,30,0,3,22,1,45,0,2,1,4,131,5,0,1,0,6,1,0,2,1,0,95,4,0,0,0,0,0,0,0,0,0,0,0,0,0,0,0,0,0,0
June 16 - June 23,1,1,LazyMoon_CBD,Vegetative,CBD,Michael Evans,2,38,6,30,98,0,0,5,13,190,0,0,1,1,5,55,0,1,0,9,0,3,3,3,0,53,0,0,0,0,2,38,0,0,0,0,0,0,0,0,0,0,0,0,0
June 16 - June 23,1,2,LazyMoon_CBD,Vegetative,CBD,Michael Evans,0,10,9,7,157,0,0,4,7,122,0,0,1,2,3,88,0,0,0,14,1,1,1,1,0,33,0,0,0,0,3,49,0,0,0,0,0,0,0,0,0,0,0,0,0
June 16 - June 23,1,3,LazyMoon_CBD,Vegetative,CBD,Jonah Naugle,0,136,11,27,126,0,2,0,25,332,0,0,5,0,0,84,0,0,0,12,1,4,6,11,0,121,0,0,0,0,3,166,0,0,0,0,0,0,0,0,0,0,3,0,0
June 23 - June 30,2,1,LazyMoon_CBD,Vegetative,CBD,Michael Evans,21,355,4,60,27,0,5,5,61,916,0,0,8,4,36,125,0,0,0,36,1,8,14,0,0,154,0,0,0,0,1,24,0,0,1,0,0,0,0,0,0,0,2,1,0
June 23 - June 30,2,2,LazyMoon_CBD,Vegetative,CBD,Michael Evans,15,199,28,19,32,0,2,17,25,600,0,0,9,13,20,394,0,0,0,25,0,6,7,3,0,89,0,0,2,0,2,26,0,0,2,0,0,0,0,0,0,0,2,0,0
June 23 - June 30,2,3,LazyMoon_CBD,Vegetative,CBD,Jonah Naugle,0,90,32,111,14,0,2,1,13,201,0,0,2,4,1,223,0,0,0,24,1,1,1,0,0,34,0,2,1,0,1,11,0,0,1,0,0,0,0,0,0,0,0,0,0
June 30 - July 8,3,1,LazyMoon_CBD,Vegetative,CBD,Michael Evans,1,92,23,70,39,0,10,22,10,674,0,1,10,6,16,141,0,1,0,22,1,8,3,0,0,95,0,0,1,0,4,2,0,0,1,0,0,0,0,0,0,0,3,0,0
June 30 - July 8,3,2,LazyMoon_CBD,Vegetative,CBD,Michael Evans,0,104,40,148,31,0,4,12,20,600,0,0,3,3,7,180,0,3,0,17,0,3,0,1,0,72,2,0,1,0,4,3,0,0,0,0,0,0,0,0,0,0,0,0,0
June 30 - July 8 ,3,3,LazyMoon_CBD,Vegetative,CBD,Michael Evans,1,324,13,96,36,0,0,24,16,488,3,0,13,13,24,17,0,1,0,18,0,22,8,1,0,176,0,0,3,0,1,8,1,0,0,0,0,0,0,0,0,0,0,0,0
July 8 - July 15,4,1,LazyMoon_CBD,Vegetative,CBD,Michael Evans,0,33,10,93,62,0,0,19,6,203,0,0,1,2,10,657,0,1,0,60,0,4,0,4,0,46,0,0,0,0,8,4,0,0,0,0,0,0,0,0,0,0,0,0,0
July 8 - July 15,4,2,LazyMoon_CBD,Vegetative,CBD,Michael Evans,0,37,7,44,18,0,0,3,6,422,0,0,3,8,17,544,0,0,0,22,0,2,1,0,0,75,0,0,0,0,1,0,0,0,0,0,0,0,0,0,0,0,0,0,0
July 8 - July 15,4,3,LazyMoon_CBD,Vegetative,CBD,Michael Evans,2,216,5,62,4,0,0,36,3,405,1,0,2,4,87,42,0,1,0,33,0,6,15,3,0,151,0,0,0,0,6,0,0,0,0,0,0,0,0,0,0,0,1,0,0
July 15 - July 22,5,1,LazyMoon_CBD,Flowering,CBD,Michael Evans,3,118,7,51,63,0,0,20,7,666,0,0,17,15,28,132,0,2,0,29,0,3,2,3,0,90,0,0,0,0,3,3,0,0,0,0,0,0,0,0,0,0,1,0,0
July 15 - July 22,5,2,LazyMoon_CBD,Flowering,CBD,Michael Evans,2,45,0,36,16,0,0,4,4,311,0,1,9,2,1,38,0,1,0,16,2,4,4,0,0,57,0,0,0,0,4,6,0,0,0,0,0,0,0,0,0,0,0,0,0
Juy 15 - July 22,5,3,LazyMoon_CBD,Flowering,CBD,Michael Evans,0,47,12,76,33,0,0,23,1,353,0,0,6,4,37,27,0,0,0,14,0,7,6,2,0,57,0,0,0,0,4,3,0,0,0,0,0,0,0,0,0,0,0,0,0
July 22 - July 29,6,1,LazyMoon_CBD,Flowering,CBD,Michael Evans,0,80,3,81,45,0,0,18,3,221,0,0,0,1,20,19,0,0,0,30,0,3,5,3,0,93,0,0,0,0,3,1,0,0,0,0,0,0,0,0,0,0,0,0,0
July 22 - July 29,6,2,LazyMoon_CBD,Flowering,CBD,Michael Evans,1,110,1,25,1,0,0,2,0,97,0,0,1,0,30,16,0,0,0,5,0,1,1,1,0,58,0,0,0,0,0,4,0,0,0,0,0,0,0,0,0,0,0,0,0
July 22 - July 29 ,6,3,LazyMoon_CBD,Flowering,CBD,Michael Evans,0,51,20,70,104,0,0,2,0,348,0,0,0,6,19,53,0,0,0,30,0,2,2,1,0,77,1,0,0,0,4,2,1,0,0,0,0,0,0,0,0,0,0,0,0
July 29 - August 3,7,1,LazyMoon_CBD,Flowering,CBD,Michael Evans,2,57,4,25,7,0,0,10,0,147,0,0,0,0,8,35,0,0,0,21,0,1,5,2,0,103,0,0,0,0,3,0,0,0,0,0,0,0,0,0,0,0,0,0,0
July 29 - August 3,7,2,LazyMoon_CBD,Flowering,CBD,Michael Evans,2,56,0,14,4,0,0,9,1,109,0,0,0,1,13,7,0,0,0,16,0,0,4,1,0,62,0,0,0,0,1,0,0,0,0,0,0,0,0,0,0,0,0,0,0
Juy 29 - August 3,7,3,LazyMoon_CBD,Flowering,CBD,Michael Evans,2,70,2,38,12,0,0,16,0,170,0,0,1,2,23,32,0,1,0,13,0,4,6,0,0,90,0,0,0,0,1,0,0,0,0,0,0,0,0,0,0,0,0,0,0
August 5 - August 12,8,1,LazyMoon_CBD,Flowering,CBD,Michael Evans,1,55,18,96,114,0,0,43,1,103,0,0,1,1,16,23,0,0,0,36,0,1,3,3,0,172,0,0,0,0,7,3,0,0,0,0,0,0,0,0,0,0,0,0,0
August 5 - August 12,8,2,LazyMoon_CBD,Flowering,CBD,Michael Evans,1,32,3,81,12,0,0,27,2,94,0,0,0,0,33,15,0,3,0,43,0,2,4,2,0,116,0,0,0,0,5,5,0,0,0,0,0,0,0,0,0,0,0,0,0
August 5 - August 12,8,3,LazyMoon_CBD,Flowering,CBD,Michael Evans,1,22,3,24,25,0,0,22,0,95,0,0,1,1,17,23,0,0,0,31,0,5,10,1,0,108,2,0,0,0,3,6,0,0,1,0,0,0,0,0,0,0,0,0,0
August 10 - August 19,9,1,LazyMoon_CBD,Flowering,CBD,Michael Evans,0,22,0,17,1,0,0,33,1,88,0,0,0,0,7,0,0,0,0,20,0,0,0,2,0,99,0,0,0,0,4,1,0,0,0,0,0,0,0,0,0,0,0,0,0
August 10 - August 19,9,2,LazyMoon_CBD,Flowering,CBD,Michael Evans,1,19,2,49,8,0,0,9,0,212,0,0,0,1,16,12,0,1,0,20,0,0,1,3,0,180,0,0,0,0,2,2,0,0,0,0,0,0,0,0,0,0,0,0,0
August 10 - August 19,9,3,LazyMoon_CBD,Flowering,CBD,Michael Evans,0,18,0,45,0,0,0,0,0,61,0,0,0,0,0,1,0,0,0,8,0,0,2,1,0,73,0,0,0,0,3,0,0,0,0,0,0,0,0,0,0,0,0,0,0
August 19 - August 26,10,1,LazyMoon_CBD,Post_flowering,CBD,Michael Evans,1,35,1,50,13,0,0,48,1,72,0,0,4,1,17,16,0,0,0,17,0,5,6,2,0,153,0,0,0,0,4,0,0,0,0,0,0,0,0,0,0,0,0,1,0
August 19 - August 26,10,2,LazyMoon_CBD,Post_flowering,CBD,Michael Evans,1,22,0,37,5,0,0,4,1,55,0,0,0,1,12,11,0,1,0,16,0,1,2,0,0,91,0,0,0,0,5,2,0,0,0,0,0,0,0,0,0,0,0,1,0
August 19 - August 26,10,3,LazyMoon_CBD,Post_flowering,CBD,Michael Evans,1,21,1,79,15,0,0,46,1,86,1,0,3,3,13,36,0,1,0,13,0,1,9,3,0,126,0,0,1,0,5,3,0,0,0,0,0,0,0,0,0,0,0,0,0
August 26 - September 2,11,1,LazyMoon_CBD,Post_flowering,CBD,Michael Evans,0,21,0,24,8,0,0,63,1,34,0,0,0,0,2,6,0,0,0,6,0,1,3,1,0,88,0,0,0,0,1,0,0,0,0,0,0,0,0,0,0,0,0,0,0
August 26 - September 2,11,2,LazyMoon_CBD,Post_flowering,CBD,Michael Evans,0,8,1,54,111,0,0,58,3,73,0,0,1,3,8,35,0,0,0,10,0,1,3,2,0,86,0,0,0,0,2,1,0,0,0,0,0,0,0,0,0,0,0,1,0
August 26 - September 2,11,3,LazyMoon_CBD,Post_flowering,CBD,Michael Evans,0,14,0,19,4,0,0,35,0,13,0,0,1,1,5,5,0,0,0,12,0,0,0,0,0,103,1,0,0,0,1,0,0,0,0,0,0,0,0,0,0,0,0,0,0
September 2 - September 8,12,1,LazyMoon_CBD,Post_flowering,CBD,Michael Evans,0,4,2,111,18,0,0,32,3,52,0,0,2,2,8,7,0,2,0,9,0,2,0,0,0,84,0,0,0,0,1,0,0,0,0,0,0,0,0,0,0,0,0,0,0
September 2 - September 8,12,2,LazyMoon_CBD,Post_flowering,CBD,Michael Evans,0,10,0,24,5,0,0,9,1,14,0,0,0,1,1,7,0,0,0,12,0,0,1,1,0,61,0,0,0,0,2,0,0,0,0,0,0,0,0,0,0,0,0,0,0
September 2 - September 8,12,3,LazyMoon_CBD,Post_flowering,CBD,Michael Evans,0,9,0,26,4,0,0,4,0,91,0,0,1,0,8,18,0,2,0,18,0,0,3,1,0,107,0,0,0,1,1,1,0,0,0,0,0,0,0,0,0,0,0,1,0
September 9 - September 16,13,1,LazyMoon_CBD,Post_flowering,CBD,Michael Evans,0,5,3,38,9,0,0,40,1,18,0,0,0,0,0,11,0,0,0,6,0,2,1,0,0,104,0,0,0,0,4,0,0,0,0,0,0,0,0,0,0,0,0,0,0
September 9 - September 16,13,2,LazyMoon_CBD,Post_flowering,CBD,Michael Evans,0,16,4,19,15,0,0,26,0,28,0,0,0,0,0,14,0,0,0,17,0,1,0,0,0,162,0,0,0,0,6,0,0,0,0,0,0,0,0,0,0,0,0,0,0
September 9 - September 16,13,3,LazyMoon_CBD,Post_flowering,CBD,Michael Evans,2,5,1,87,32,0,0,38,0,187,0,0,1,3,27,24,0,2,0,25,0,3,1,1,0,231,0,0,1,0,8,0,0,0,0,0,0,0,0,0,0,0,0,0,0
June 17 - June 24,1,1,Cedar_Meadows,Vegetative,Fiber,Jorge ,7,351,11,24,42,0,1,9,3,209,1,0,1,0,37,68,0,2,0,4,0,4,13,3,0,119,7,1,0,0,7,4,0,0,1,0,0,0,0,0,0,0,0,2,0
June 17 - June 24,1,2,Cedar_Meadows,Vegetative,Fiber,Michael Evans,4,440,9,218,142,0,0,2,5,168,1,0,0,10,32,45,0,4,0,4,0,4,50,3,0,0,0,0,0,0,7,0,0,0,0,0,0,0,0,0,0,0,0,0,0
June 17 - June 24,1,3,Cedar_Meadows,Vegetative,Fiber,Michael Evans,2,377,5,28,86,0,0,0,11,212,4,0,1,4,46,45,0,6,0,8,0,5,36,3,0,97,0,0,0,0,1,0,1,0,0,0,0,0,0,0,0,0,0,0,0
June 24 - July 1,2,1,Cedar_Meadows,Vegetative,Fiber,Michael Evans,1,108,2,72,73,0,0,0,0,106,0,0,0,8,27,72,0,1,0,7,2,5,90,3,0,251,2,0,0,2,5,1,0,0,1,0,0,0,0,0,0,0,2,0,0
June 24 - July 1,2,2,Cedar_Meadows,Vegetative,Fiber,Michael Evans,0,184,0,33,30,0,0,0,4,175,0,0,0,2,15,19,0,1,0,13,0,3,61,2,0,173,0,0,0,0,7,1,0,0,0,0,0,0,0,0,0,0,1,0,0
June 24 - July 1,2,3,Cedar_Meadows,Vegetative,Fiber,Michael Evans,0,35,0,36,15,0,0,0,4,44,0,0,0,5,1,30,0,0,0,18,0,3,48,2,0,141,13,0,1,1,16,3,1,0,2,0,0,0,0,0,0,0,1,8,0
July 1 - July 7,3,1,Cedar_Meadows,Vegetative,Fiber,Michael Evans,0,133,0,12,11,0,0,0,0,37,0,0,0,15,6,19,0,0,0,7,0,4,28,1,0,119,3,0,0,0,5,0,0,0,0,0,0,0,0,0,0,0,0,0,1
July 1 - July 7,3,2,Cedar_Meadows,Vegetative,Fiber,Michael Evans,0,36,0,14,10,0,0,0,0,14,0,0,0,36,1,4,0,0,0,16,0,2,10,2,0,85,5,0,0,1,8,0,0,0,0,0,0,0,0,0,0,0,0,0,0
July 1 - July 7,3,3,Cedar_Meadows,Vegetative,Fiber,Michael Evans,4,259,0,20,7,0,0,0,0,39,0,0,0,21,4,6,0,1,0,10,0,4,12,0,0,76,0,0,0,0,6,1,0,0,0,0,0,0,0,0,0,1,2,0,0
July 7 - July 14,4,1,Cedar_Meadows,Vegetative,Fiber,Michael Evans,4,570,10,16,33,0,1,0,0,138,1,0,0,11,33,1,0,24,0,33,0,5,7,0,0,127,0,0,0,0,0,1,2,0,1,0,0,0,0,0,0,2,1,0,0
July 7 - July 14,4,2,Cedar_Meadows,Vegetative,Fiber,Michael Evans,1,221,0,6,8,0,3,0,0,49,1,0,0,92,13,0,0,5,0,25,0,4,12,2,0,98,0,0,0,0,4,0,0,0,2,0,0,0,0,0,0,0,0,0,0
July 7 - July 14,4,3,Cedar_Meadows,Vegetative,Fiber,Michael Evans,5,59,0,1,2,0,0,0,1,27,0,0,0,53,0,2,0,3,0,26,0,15,16,4,0,52,0,0,0,0,2,0,0,0,0,0,0,0,0,0,0,0,0,0,0
July 14 - July 21,5,1,Cedar_Meadows,Flowering,Fiber,Michael Evans,3,129,4,6,27,0,1,2,2,54,0,0,0,38,23,4,0,24,0,19,0,2,5,1,0,95,0,0,2,0,6,1,0,0,1,0,0,0,0,0,0,1,0,0,0
July 14 - July 21,5,2,Cedar_Meadows,Flowering,Fiber,Michael Evans,3,110,1,13,7,0,0,2,0,28,0,0,0,53,13,9,0,8,0,20,0,1,5,2,0,67,1,0,0,0,13,1,0,0,1,0,0,0,0,0,0,2,0,0,0
July 14 - July 21,5,3,Cedar_Meadows,Flowering,Fiber,Michael Evans,1,39,0,2,0,0,0,0,0,9,0,0,0,27,0,1,0,0,0,7,0,3,5,1,0,39,0,0,0,0,19,0,0,0,0,0,0,0,0,0,0,0,0,0,0
July 21 - July 28,6,1,Cedar_Meadows,Flowering,Fiber,Michael Evans,0,24,0,7,31,0,1,17,2,29,0,0,0,56,8,6,0,10,0,7,1,2,2,1,0,103,0,0,0,0,13,0,0,0,0,0,0,0,0,0,0,1,0,1,0
July 21 - July 28,6,2,Cedar_Meadows,Flowering,Fiber,Michael Evans,0,29,0,0,0,0,0,0,0,3,0,0,0,23,0,6,0,1,0,5,0,0,4,1,0,23,2,0,0,0,13,0,0,0,1,0,0,0,0,0,0,0,0,0,0
July 21 - July 28,6,3,Cedar_Meadows,Flowering,Fiber,Michael Evans,0,78,2,17,33,0,0,0,0,39,0,0,0,35,33,32,0,11,0,19,0,1,1,4,0,40,0,0,0,0,5,3,0,0,2,0,0,0,0,0,0,0,0,3,0
July 28 - August 4,7,1,Cedar_Meadows,Flowering,Fiber,Michael Evans,4,35,2,21,35,0,0,7,1,32,0,0,0,81,69,14,0,8,0,5,0,4,6,1,0,120,3,0,0,1,11,0,0,0,0,0,0,0,0,0,0,0,0,0,0
July 28 - August 4,7,2,Cedar_Meadows,Flowering,Fiber,Michael Evans,4,123,1,34,90,0,0,5,1,50,0,1,0,68,50,14,0,6,0,6,0,3,6,1,0,93,1,0,0,0,7,0,0,0,0,0,0,0,0,0,0,0,0,0,0
August 4 - August 11,8,1,Cedar_Meadows,Post_flowering,Fiber,Michael Evans,1,38,9,36,131,0,0,4,1,46,0,0,0,36,298,8,0,6,0,3,0,9,5,0,0,85,0,0,0,0,5,0,0,0,0,0,0,0,0,0,0,0,0,0,0
August 4 - August 11,8,2,Cedar_Meadows,Post_flowering,Fiber,Michael Evans,3,49,10,11,110,0,0,3,0,111,3,0,2,63,140,16,0,18,0,46,1,6,10,3,0,50,0,1,1,0,10,1,0,0,0,0,0,0,0,0,0,0,0,0,0
August 11 - August 16,9,1,Cedar_Meadows,Post_flowering,Fiber,Michael Evans,0,30,5,68,175,0,0,16,0,41,1,0,8,87,148,25,0,9,0,8,3,0,10,0,0,80,0,1,1,0,3,0,0,0,1,0,0,0,0,0,0,0,0,0,0
August 11 - August 16,9,2,Cedar_Meadows,Post_flowering,Fiber,Michael Evans,0,71,6,26,119,0,0,15,0,30,0,0,4,42,283,23,0,16,0,12,3,3,4,0,0,83,0,0,2,0,1,0,0,0,0,0,0,0,0,0,0,0,0,0,0
June 16 - June 23,1,1,Shaffer_Farm_CBD,Vegetative,CBD,Michael Evans,10,245,12,68,37,0,0,7,2,273,1,0,9,29,45,21,0,0,0,18,0,8,9,1,0,142,0,0,1,1,3,1,0,1,6,0,0,0,0,0,0,0,4,0,0
June 16 - June 23,1,2,Shaffer_Farm_CBD,Vegetative,CBD,Jorge,20,196,15,31,34,0,2,35,13,294,0,0,7,14,46,54,0,0,0,28,3,12,10,0,0,140,1,1,3,0,2,0,0,3,0,1,0,1,3,1,9,0,0,0,0
June 16 - June 23,1,3,Shaffer_Farm_CBD,Vegetative,CBD,Jorge,2,70,5,64,13,0,0,3,7,393,0,2,1,23,20,59,1,0,0,39,0,5,2,1,0,114,5,4,1,0,1,0,0,2,0,2,0,0,0,0,2,0,1,0,0
June  23 - June30,2,1,Shaffer_Farm_CBD,Vegetative,CBD,Jorge,16,223,1,32,14,0,4,2,1,132,14,23,2,29,48,40,0,0,0,22,0,18,24,0,0,286,1,0,1,1,1,0,0,3,0,1,2,0,0,0,2,0,1,0,0
June  23 - June30,2,2,Shaffer_Farm_CBD,Vegetative,CBD,Jorge,5,206,11,50,5,0,2,0,2,221,1,3,2,18,21,92,0,0,1,23,4,3,14,2,0,121,0,2,0,0,0,0,0,0,0,1,0,0,0,1,1,0,1,1,0
June  23 - June30,2,3,Shaffer_Farm_CBD,Vegetative,CBD,Jorge,0,127,3,44,11,0,0,1,1,167,5,2,1,14,21,37,0,0,0,23,2,5,17,0,0,131,1,1,1,0,0,0,0,0,0,1,1,0,0,0,4,0,3,0,0
June 30 - July 8 ,3,1,Shaffer_Farm_CBD,Vegetative,CBD,Jorge,39,806,8,62,22,0,3,5,0,299,6,0,1,25,89,45,0,1,1,39,0,16,12,1,2,88,3,4,1,0,1,0,0,2,0,1,0,0,0,2,6,1,0,0,0
June 30 - July 8 ,3,2,Shaffer_Farm_CBD,Vegetative,CBD,Jorge,33,346,6,65,22,5,3,2,1,276,16,1,0,22,29,91,0,0,3,39,4,17,11,2,0,111,1,0,6,0,1,0,0,2,4,0,0,0,0,0,1,0,0,0,0